ctx_id,rows,tau_near_miss_mean,tau_near_miss_min,tau_near_miss_max,tau_near_miss_nunique,tau_violation_mean,tau_violation_min,tau_violation_max,tau_violation_nunique,ctx_tuple
6,60,140.7871770000458,140.7871770000458,140.7871770000458,1,52.95311737060547,52.95311737060547,52.95311737060547,1,"('low', 'aggr', 'clean')"
9,60,212.6447984600068,212.6447984600068,212.6447984600068,1,48.01830482482909,48.01830482482909,48.01830482482909,1,"('med', 'calm', 'clean')"
10,120,174.26422472000118,174.26422472000118,174.26422472000118,1,37.873133468627934,37.873133468627934,37.873133468627934,1,"('med', 'calm', 'noisy')"
12,120,88.58502848148342,88.58502848148342,88.58502848148342,1,32.07932141304016,32.07932141304016,32.07932141304016,1,"('med', 'normal', 'clean')"
14,120,221.5721397781371,221.5721397781371,221.5721397781371,1,40.72156829833985,40.72156829833985,40.72156829833985,1,"('med', 'normal', 'dropout')"
16,120,168.942834663391,168.942834663391,168.942834663391,1,45.442599105834965,45.442599105834965,45.442599105834965,1,"('med', 'aggr', 'noisy')"
